AA0,15,2,1.7008345428156748e-05
AA0,15,3,4.868549172346641e-05
AA1,2,1,0.0004321932709705303
AA1,2,2,0.00020727536532283138
AA10,2,1,0.00031498831613106446
AA10,2,2,2.0727536532283137e-05
AA10,2,3,3.387189648748433e-05
AA10,6,1,1.8334158370460003e-05
AA10,15,2,2.5512518142235124e-05
AA10,15,3,9.737098344693281e-05
AA11,15,2,2.834724238026125e-06
AA12,6,1,1.8334158370460003e-05
AA2,2,1,0.007614659409726546
AA2,2,2,0.008612291429163643
AA2,2,3,0.009423161602818142
AA2,6,1,0.011513851456648882
AA2,6,2,0.008639170639618596
AA2,6,3,0.01060048539888828
AA2,15,1,0.008876065285071857
AA2,15,2,0.011775444484760523
AA2,15,3,0.006438656280428432
AA3,2,1,0.007391237464563815
AA3,2,2,0.0015338377033889523
AA3,2,3,0.009497679775090606
AA3,6,1,0.003850173257796601
AA3,6,2,0.00015998464147441846
AA3,15,1,0.0007861882449133621
AA3,15,2,0.002250771044992743
AA3,15,3,0.008154819863680622
AA4,15,2,4.819031204644412e-05
AA5,2,1,1.8313274193666537e-05
AA5,2,2,3.109130479842471e-05
AA5,2,3,2.03231378924906e-05
AA5,15,1,7.86188244913362e-06
AA5,15,2,2.834724238026125e-06
AA5,15,3,2.4342745861733204e-05
AA6,2,1,0.004992198545193498
AA6,2,2,0.004446056586174733
AA6,2,3,0.008935406293398368
AA6,6,1,0.009808774728196102
AA6,6,2,0.004671551531053019
AA6,6,3,0.007547169811320755
AA6,15,1,0.012940658511273939
AA6,15,2,0.007704780478955007
AA6,15,3,0.012670399221032132
AA7,2,1,0.0005017837129064631
AA7,2,2,0.00045600580371022906
AA7,2,3,0.0003251702062798496
AA7,6,1,0.00029334653392736005
AA7,6,2,0.0025277573352958118
AA7,6,3,0.00010960620057934706
AA7,15,2,0.00013039731494920173
AA7,15,3,0.00021908471275559882
AA8,6,1,1.8334158370460003e-05
CBM0,2,1,0.0006702658354881953
CBM0,2,2,0.0004663695719763706
CBM0,2,3,0.00033871896487484333
CBM0,6,1,0.0004033514841501201
CBM0,6,2,0.0009919047771413945
CBM0,6,3,0.0002975025444296563
CBM0,15,1,0.00035378471021101294
CBM0,15,2,0.0004422169811320755
CBM0,15,3,0.0009980525803310613
CBM1,2,1,1.0987964516199922e-05
CBM1,2,2,3.109130479842471e-05
CBM1,2,3,8.12925515699624e-05
CBM1,15,1,0.00016509953143180604
CBM1,15,2,3.685141509433962e-05
CBM1,15,3,4.868549172346641e-05
CBM10,2,1,0.00028202442258246465
CBM10,2,2,0.00021763913358897294
CBM10,2,3,0.0003658164820648308
CBM10,6,2,0.00012798771317953478
CBM10,6,3,0.0001722383151961168
CBM10,15,1,7.86188244913362e-05
CBM10,15,2,0.0004563906023222061
CBM10,15,3,9.737098344693281e-05
CBM11,2,1,0.00018679539677539869
CBM11,2,2,0.00014509275572598197
CBM11,2,3,0.000304847068387359
CBM11,6,1,0.0004033514841501201
CBM11,6,2,3.1996928294883694e-05
CBM11,6,3,0.00037579268770061847
CBM11,15,1,0.00010220447183873707
CBM11,15,2,0.00016157928156748912
CBM11,15,3,0.00027994157740993185
CBM12,2,1,6.592778709719953e-05
CBM12,2,2,3.109130479842471e-05
CBM12,2,3,0.0001219388273549436
CBM12,6,1,3.666831674092001e-05
CBM12,6,2,6.399385658976739e-05
CBM12,6,3,0.00014092225788773192
CBM12,15,1,7.86188244913362e-05
CBM12,15,2,5.385976052249637e-05
CBM12,15,3,8.519961051606622e-05
CBM13,2,1,0.001512676448396856
CBM13,2,2,0.0018240232148409162
CBM13,2,3,0.0018494055482166448
CBM13,6,1,0.0020167574207506003
CBM13,6,2,0.002399769622116277
CBM13,6,3,0.002223440068895326
CBM13,15,1,0.0014072769583949182
CBM13,15,2,0.0015364205370101596
CBM13,15,3,0.003055014605647517
CBM14,2,3,5.419503437997493e-05
CBM16,2,1,7.325309677466615e-06
CBM16,2,2,1.0363768266141568e-05
CBM16,2,3,1.3548758594993733e-05
CBM16,6,1,1.8334158370460003e-05
CBM16,15,1,2.358564734740086e-05
CBM16,15,2,2.834724238026125e-06
CBM16,15,3,0.00013388510223953263
CBM18,2,2,3.109130479842471e-05
CBM2,2,1,0.002384388300015383
CBM2,2,2,0.0018343869831070577
CBM2,2,3,0.0019036005825966197
CBM2,6,1,0.0019067524705278405
CBM2,6,2,0.001439861773269766
CBM2,6,3,0.0024269944413998277
CBM2,15,1,0.001470172017987987
CBM2,15,2,0.00231880442670537
CBM2,15,3,0.0021908471275559884
CBM20,2,1,0.00031865097096979775
CBM20,2,2,0.0001761840605244067
CBM20,2,3,0.0002845239304948684
CBM20,6,1,0.00020167574207506005
CBM20,6,2,0.0003199692829488369
CBM20,6,3,9.394817192515462e-05
CBM20,15,1,3.144752979653448e-05
CBM20,15,2,0.000340166908563135
CBM20,15,3,7.302823758519961e-05
CBM22,2,1,0.00016848212258173214
CBM22,2,2,0.0003005492797181055
CBM22,2,3,0.00021678013751989973
CBM22,6,1,0.00012833910859322002
CBM22,6,3,0.00023487042981288657
CBM22,15,1,0.000290889650617944
CBM22,15,2,0.00027780297532656025
CBM22,15,3,3.6514118792599804e-05
CBM23,2,1,2.930123870986646e-05
CBM23,2,2,4.1455073064566274e-05
CBM23,2,3,5.419503437997493e-05
CBM23,6,1,1.8334158370460003e-05
CBM23,6,2,6.399385658976739e-05
CBM23,6,3,1.5658028654192437e-05
CBM23,15,1,4.717129469480172e-05
CBM23,15,2,9.921534833091437e-05
CBM23,15,3,6.085686465433301e-05
CBM25,2,1,2.930123870986646e-05
CBM25,2,3,0.0001625851031399248
CBM25,6,1,1.8334158370460003e-05
CBM25,15,2,2.2677793904209e-05
CBM26,2,1,8.790371612959938e-05
CBM26,2,2,0.00015545652399212353
CBM26,2,3,0.00029807268908986213
CBM26,6,1,0.00025667821718644004
CBM26,6,2,0.00019198156976930214
CBM26,6,3,3.1316057308384874e-05
CBM26,15,1,0.00012579011918613793
CBM26,15,2,4.252086357039187e-05
CBM26,15,3,4.868549172346641e-05
CBM27,2,1,7.691575161339945e-05
CBM27,2,2,4.1455073064566274e-05
CBM27,2,3,4.7420655082478066e-05
CBM27,15,2,4.5355587808418e-05
CBM3,2,1,0.0024466534322738496
CBM3,2,2,0.0026116696030676753
CBM3,2,3,0.002391355892016394
CBM3,6,1,0.0015217351447481804
CBM3,6,2,0.00047995392442325537
CBM3,6,3,0.0012839583496437798
CBM3,15,1,0.0008569451869555647
CBM3,15,2,0.0029594521044992743
CBM3,15,3,0.00042599805258033106
CBM30,2,1,7.325309677466615e-06
CBM30,2,2,3.109130479842471e-05
CBM30,2,3,4.06462757849812e-05
CBM30,15,1,5.5033177143935344e-05
CBM30,15,2,1.13388969521045e-05
CBM32,2,1,0.0015602909613003889
CBM32,2,2,0.001658202922582651
CBM32,2,3,0.0017003692036717136
CBM32,6,1,0.0018884183121573805
CBM32,6,2,0.002399769622116277
CBM32,6,3,0.002317388240820481
CBM32,15,1,0.001202868014717444
CBM32,15,2,0.0013096425979680696
CBM32,15,3,0.001618792599805258
CBM34,2,1,0.000904675745167127
CBM34,2,2,0.0002694579749196808
CBM34,2,3,0.0009551874809470582
CBM34,6,1,0.0005866930678547201
CBM34,6,2,6.399385658976739e-05
CBM34,6,3,0.00018789634385030923
CBM34,15,1,0.000290889650617944
CBM34,15,2,0.0006860032656023222
CBM34,15,3,0.00020691333982473224
CBM35,2,1,0.0014613992806545896
CBM35,2,2,0.0009949217535495907
CBM35,2,3,0.0011990651356569453
CBM35,6,1,0.0011733861357094402
CBM35,6,2,0.0012158832752055802
CBM35,6,3,0.0024583104987082128
CBM35,15,1,0.0006289505959306896
CBM35,15,2,0.0008787645137880987
CBM35,15,3,0.0009006815968841286
CBM36,2,1,5.12771677422663e-05
CBM36,2,3,8.12925515699624e-05
CBM36,15,2,7.086810595065312e-05
CBM36,15,3,1.2171372930866602e-05
CBM37,2,1,4.395185806479969e-05
CBM37,2,2,7.254637786299098e-05
CBM37,2,3,1.3548758594993733e-05
CBM37,6,2,6.399385658976739e-05
CBM37,15,1,1.572376489826724e-05
CBM37,15,2,8.504172714078374e-06
CBM37,15,3,1.2171372930866602e-05
CBM38,2,1,0.0007545068967790613
CBM38,2,2,0.0006529174007669188
CBM38,2,3,0.0007384073434271585
CBM38,6,1,0.00038501732577966006
CBM38,6,2,0.0005439477810130227
CBM38,6,3,0.0003444766303922336
CBM38,15,1,0.0002987515330670776
CBM38,15,2,0.0005244239840348331
CBM38,15,3,0.0003773125608568647
CBM4,2,1,0.0005970127387135291
CBM4,2,2,0.0004249144989118043
CBM4,2,3,0.0005554991023947431
CBM4,6,1,0.0004400198008910401
CBM4,6,3,7.829014327096219e-05
CBM4,15,1,0.0005346080065410863
CBM4,15,2,0.00045355587808418
CBM4,15,3,0.00010954235637779941
CBM40,2,1,7.325309677466615e-06
CBM40,2,2,1.0363768266141568e-05
CBM40,2,3,6.774379297496867e-06
CBM40,6,1,1.8334158370460003e-05
CBM40,6,3,1.5658028654192437e-05
CBM40,15,2,5.66944847605225e-06
CBM40,15,3,1.2171372930866602e-05
CBM41,2,1,0.0010182180451678595
CBM41,2,2,0.0015131101668566691
CBM41,2,3,0.0019713443755715885
CBM41,6,1,1.8334158370460003e-05
CBM41,6,3,0.0008142174900180067
CBM41,15,1,7.86188244913362e-06
CBM41,15,2,3.685141509433962e-05
CBM41,15,3,4.868549172346641e-05
CBM42,2,1,0.0004944584032289966
CBM42,2,2,0.0005596434863716447
CBM42,2,3,0.0005825966195847305
CBM42,6,1,0.0004216856425205801
CBM42,6,2,0.0011198924903209292
CBM42,6,3,1.5658028654192437e-05
CBM42,15,1,0.0006918456555237586
CBM42,15,2,0.00031465439042089986
CBM42,15,3,0.0008519961051606621
CBM43,2,1,0.00012453026451693245
CBM43,15,3,9.737098344693281e-05
CBM44,2,3,5.419503437997493e-05
CBM44,6,1,3.666831674092001e-05
CBM44,6,2,3.1996928294883694e-05
CBM44,6,3,3.1316057308384874e-05
CBM44,15,1,9.434258938960345e-05
CBM44,15,2,4.252086357039187e-05
CBM44,15,3,3.6514118792599804e-05
CBM45,2,1,4.7614512903532995e-05
CBM46,2,1,1.465061935493323e-05
CBM46,2,3,0.00025065203400738407
CBM46,6,1,1.8334158370460003e-05
CBM46,15,1,7.86188244913362e-06
CBM46,15,2,2.834724238026125e-06
CBM47,2,1,0.00017580743225919875
CBM47,2,2,0.00010363768266141569
CBM47,2,3,0.0002235545168173966
CBM47,6,1,9.167079185230002e-05
CBM47,6,2,0.00028797235465395323
CBM47,6,3,6.263211461676975e-05
CBM47,15,1,3.144752979653448e-05
CBM47,15,2,3.118196661828737e-05
CBM47,15,3,0.00013388510223953263
CBM48,2,1,0.05169104773904317
CBM48,2,2,0.06532283138149031
CBM48,2,3,0.06068488974697693
CBM48,6,1,0.042260235043910306
CBM48,6,2,0.06581768150257575
CBM48,6,3,0.05420809520081422
CBM48,15,1,0.0691216704927828
CBM48,15,2,0.05136803791727141
CBM48,15,3,0.06284079844206426
CBM49,2,3,3.387189648748433e-05
CBM49,15,1,1.572376489826724e-05
CBM5,2,1,0.0008131093741987942
CBM5,2,2,0.0010881956679448647
CBM5,2,3,0.0009348643430545676
CBM5,6,1,0.006526960379883762
CBM5,6,2,0.008031229002015807
CBM5,6,3,0.003256869960072027
CBM5,15,1,0.006203025252366426
CBM5,15,2,0.002228093251088534
CBM5,15,3,0.006389970788704966
CBM50,2,1,0.009130998512962136
CBM50,2,2,0.013130894393201368
CBM50,2,3,0.008806693086745927
CBM50,6,1,0.007186990081220322
CBM50,6,2,0.006207404089207436
CBM50,6,3,0.0020512017536992093
CBM50,15,1,0.004064593226202081
CBM50,15,2,0.00507699111030479
CBM50,15,3,0.004807692307692308
CBM51,2,1,0.001106121761297459
CBM51,2,2,0.0015131101668566691
CBM51,2,3,0.0012464857907394235
CBM51,6,1,0.00038501732577966006
CBM51,6,2,0.0021437941957572074
CBM51,6,3,0.0018789634385030925
CBM51,15,1,0.0007704644800150948
CBM51,15,2,0.001406023222060958
CBM51,15,3,0.0007424537487828627
CBM53,2,1,3.6626548387333073e-06
CBM53,2,2,0.00015545652399212353
CBM53,15,2,5.66944847605225e-05
CBM53,15,3,9.737098344693281e-05
CBM54,2,1,3.662654838733307e-05
CBM54,2,2,0.00010363768266141569
CBM54,2,3,0.0001422619652474342
CBM54,6,1,0.00012833910859322002
CBM54,6,3,1.5658028654192437e-05
CBM54,15,1,9.434258938960345e-05
CBM54,15,2,2.2677793904209e-05
CBM56,2,1,0.00013185557419439906
CBM56,2,2,0.0001761840605244067
CBM56,2,3,8.806693086745927e-05
CBM56,6,1,5.5002475111380014e-05
CBM56,6,2,3.1996928294883694e-05
CBM56,6,3,9.394817192515462e-05
CBM56,15,1,6.289505959306896e-05
CBM56,15,2,7.653755442670537e-05
CBM56,15,3,8.519961051606622e-05
CBM57,2,1,0.0010548445935551925
CBM57,2,2,0.0020105710436314644
CBM57,2,3,0.0012261626528469328
CBM57,6,1,0.0028417945474213005
CBM57,6,2,0.002207788052346975
CBM57,6,3,0.0012996163782979723
CBM57,15,1,0.0009984590710399698
CBM57,15,2,0.0006973421625544267
CBM57,15,3,0.0012779941577409932
CBM58,15,1,1.572376489826724e-05
CBM59,2,1,1.465061935493323e-05
CBM59,2,3,6.774379297496867e-06
CBM59,6,1,1.8334158370460003e-05
CBM59,15,2,1.13388969521045e-05
CBM6,2,1,0.003362317141957176
CBM6,2,2,0.00930666390299513
CBM6,2,3,0.005527893506757443
CBM6,6,1,0.014538987587774783
CBM6,6,2,0.022333855949828816
CBM6,6,3,0.010428247083692162
CBM6,15,1,0.008372904808327307
CBM6,15,2,0.004427839259796807
CBM6,15,3,0.006937682570593963
CBM60,2,1,2.1975929032399844e-05
CBM60,2,2,3.109130479842471e-05
CBM60,2,3,6.774379297496867e-05
CBM60,6,1,0.00020167574207506005
CBM60,6,2,0.00012798771317953478
CBM60,6,3,7.829014327096219e-05
CBM60,15,1,0.00011006635428787069
CBM60,15,2,0.00018425707547169813
CBM60,15,3,0.00020691333982473224
CBM61,2,1,0.00018313274193666537
CBM61,2,2,0.0006114623277023526
CBM61,2,3,9.484131016495613e-05
CBM61,6,1,0.00033001485066828007
CBM61,6,3,0.0003444766303922336
CBM61,15,1,0.00021227082612660777
CBM61,15,2,0.00030048076923076925
CBM61,15,3,6.085686465433301e-05
CBM62,6,2,3.1996928294883694e-05
CBM62,15,1,9.434258938960345e-05
CBM62,15,2,1.13388969521045e-05
CBM63,2,1,3.6626548387333073e-06
CBM63,2,3,0.0001422619652474342
CBM63,6,1,7.333663348184001e-05
CBM63,15,2,1.4173621190130624e-05
CBM64,2,1,0.00016115681290426552
CBM64,2,2,0.0001347289874598404
CBM64,2,3,0.000101615689462453
CBM64,6,1,0.00022000990044552005
CBM64,6,3,7.829014327096219e-05
CBM64,15,1,2.358564734740086e-05
CBM64,15,2,0.00022394321480406385
CBM64,15,3,6.085686465433301e-05
CBM65,6,3,1.5658028654192437e-05
CBM65,15,2,5.66944847605225e-06
CBM66,2,1,0.0007984587548438611
CBM66,2,2,0.0019276608975023319
CBM66,2,3,0.0015174609626392981
CBM66,6,1,0.00020167574207506005
CBM66,6,2,0.0003519662112437206
CBM66,6,3,1.5658028654192437e-05
CBM66,15,1,0.0001572376489826724
CBM66,15,2,0.000861756168359942
CBM66,15,3,0.0020934761441090553
CBM67,2,1,0.0013954714935573902
CBM67,2,2,0.0025183956886724013
CBM67,2,3,0.002547166615858822
CBM67,6,1,0.0015400693031186402
CBM67,6,2,0.002175791124052091
CBM67,6,3,0.002176465982932749
CBM67,15,1,0.0013915531934966508
CBM67,15,2,0.0014797260522496371
CBM67,15,3,0.001071080817916261
CBM68,15,2,2.834724238026125e-06
CBM69,2,1,7.325309677466615e-06
CBM69,2,3,2.03231378924906e-05
CBM69,6,3,1.5658028654192437e-05
CBM70,6,1,1.8334158370460003e-05
CBM70,15,1,7.86188244913362e-06
CBM70,15,2,2.834724238026125e-06
CBM71,2,1,1.8313274193666537e-05
CBM71,2,2,3.109130479842471e-05
CBM71,15,2,1.9843069666182873e-05
CBM73,2,1,0.00011720495483946583
CBM73,2,2,0.0016167478495180848
CBM73,2,3,4.06462757849812e-05
CBM73,6,1,0.00012833910859322002
CBM73,6,2,6.399385658976739e-05
CBM73,6,3,9.394817192515462e-05
CBM73,15,2,5.66944847605225e-06
CBM77,2,1,7.325309677466615e-05
CBM77,2,2,6.218260959684942e-05
CBM77,15,2,2.834724238026125e-05
CBM79,2,1,7.325309677466615e-06
CBM79,6,1,1.8334158370460003e-05
CBM8,2,1,3.6626548387333073e-06
CBM8,2,3,1.3548758594993733e-05
CBM8,15,2,8.504172714078374e-06
CBM9,2,1,0.0006922417645205951
CBM9,2,2,0.0007980101564929008
CBM9,2,3,0.0005013040680147681
CBM9,6,1,0.00011000495022276003
CBM9,6,2,0.0003199692829488369
CBM9,6,3,0.0006889532607844672
CBM9,15,1,0.00033806094531274567
CBM9,15,2,0.00030615021770682147
CBM9,15,3,0.00013388510223953263
CE0,2,1,0.0008167720290375276
CE0,2,2,0.0007565550834283346
CE0,2,3,0.0008061511364021272
CE0,6,1,0.0005316905927433401
CE0,6,2,0.00015998464147441846
CE0,6,3,0.00018789634385030923
CE0,15,1,0.0002673040032705431
CE0,15,2,0.0004223739114658926
CE0,15,3,0.0005233690360272638
CE1,2,1,0.002120677151626585
CE1,2,2,0.0026531246761322415
CE1,2,3,0.002445550926396369
CE1,6,1,0.0024751113800121007
CE1,6,2,0.0026877419767702302
CE1,6,3,0.003695294762389415
CE1,15,1,0.0010692160130821725
CE1,15,2,0.0006860032656023222
CE1,15,3,0.0008885102239532619
CE11,2,1,0.012035483800077648
CE11,2,2,0.009399937817390402
CE11,2,3,0.011929681942891983
CE11,6,1,0.009167079185230001
CE11,6,2,0.004479569961283717
CE11,6,3,0.008721521960385187
CE11,15,1,0.00649391490298437
CE11,15,2,0.007475167815674891
CE11,15,3,0.010272638753651413
CE12,2,1,0.0007325309677466615
CE12,2,2,0.0005700072546377863
CE12,2,3,0.0010771263083020018
CE12,6,1,0.0003666831674092001
CE12,6,2,0.0003199692829488369
CE12,6,3,0.00028184451577546385
CE12,15,1,0.0005267461240919526
CE12,15,2,0.0004705642235123367
CE12,15,3,0.0009858812074001948
CE14,2,1,0.0025894969709844484
CE14,2,2,0.002072753653228314
CE14,2,3,0.0016732716864817261
CE14,6,1,0.003556826723869241
CE14,6,2,0.0008639170639618596
CE14,6,3,0.0018633054098489
CE14,15,1,0.002877448976382905
CE14,15,2,0.003821208272859216
CE14,15,3,0.0027629016553067185
CE15,2,1,0.0025528704225971153
CE15,2,2,0.0020105710436314644
CE15,2,3,0.0017139179622667074
CE15,6,1,0.00025667821718644004
CE15,6,2,0.0013758679166799986
CE15,6,3,0.0030376575589133327
CE15,15,1,0.001533067077581056
CE15,15,2,0.001114046625544267
CE15,15,3,0.0018378773125608569
CE16,2,1,0.00012086760967819914
CE16,2,3,6.774379297496867e-06
CE2,2,1,3.6626548387333073e-06
CE2,15,2,3.685141509433962e-05
CE2,15,3,9.737098344693281e-05
CE3,2,1,7.691575161339945e-05
CE3,2,2,0.00010363768266141569
CE3,2,3,0.00012871320665244047
CE3,6,1,9.167079185230002e-05
CE3,6,2,0.0003839631395386043
CE3,6,3,4.697408596257731e-05
CE3,15,1,0.00016509953143180604
CE3,15,2,0.0001700834542815675
CE3,15,3,3.6514118792599804e-05
CE4,2,1,0.002036436090335719
CE4,2,2,0.0016063840812519433
CE4,2,3,0.0034346103038309117
CE4,6,1,0.005885264836917661
CE4,6,2,0.003711643682206508
CE4,6,3,0.00014092225788773192
CE4,15,1,0.0019104374351394699
CE4,15,2,0.0014598829825834543
CE4,15,3,0.003322784810126582
CE5,6,2,0.0031676959011934856
CE6,2,1,0.0005017837129064631
CE6,2,2,0.0002487304383873977
CE6,2,3,0.0002845239304948684
CE6,6,1,0.00029334653392736005
CE6,6,2,0.00047995392442325537
CE6,6,3,0.00046974085962577314
CE6,15,1,0.0001886851787792069
CE6,15,2,0.0002182737663280116
CE6,15,3,0.00020691333982473224
CE7,2,1,0.0011134470709749254
CE7,2,2,0.0002798217431858224
CE7,2,3,0.00035226772346983706
CE7,6,1,0.0008983737601525403
CE7,6,2,0.001855821841103254
CE7,6,3,0.002771471071792061
CE7,15,1,0.0008333595396081638
CE7,15,2,0.0009156159288824384
CE7,15,3,0.0005720545277507303
CE8,2,1,0.002230556796788584
CE8,2,2,0.0016996579956472173
CE8,2,3,0.0011448701012769704
CE8,6,1,0.0007150321764479401
CE8,6,2,0.0005439477810130227
CE8,6,3,0.0012056682063728177
CE8,15,1,0.0001493757665335388
CE8,15,2,0.0009921534833091437
CE8,15,3,0.00186222005842259
CE9,2,1,0.00018679539677539869
CE9,2,2,0.0007669188516944761
CE9,2,3,0.000812925515699624
CE9,6,1,0.00018334158370460004
CE9,6,2,0.0006719354941925576
CE9,6,3,0.00032881860173804116
CE9,15,1,0.0008648070694046982
CE9,15,2,0.0006548212989840348
CE9,15,3,0.0012658227848101266
GH0,2,1,0.02298682176789024
GH0,2,2,0.029236190278785365
GH0,2,3,0.021888019510212377
GH0,6,1,0.015969051940670664
GH0,6,2,0.025245576424663234
GH0,6,3,0.013309324356063572
GH0,15,1,0.006226610899713827
GH0,15,2,0.014825607764876634
GH0,15,3,0.019036027263875367
GH1,2,1,0.007405888083918748
GH1,2,2,0.007897191418799876
GH1,2,3,0.004579480405107882
GH1,6,1,0.022074326678033846
GH1,6,2,0.010558986337311617
GH1,6,3,0.008580599702497456
GH1,15,1,0.015920311959495583
GH1,15,2,0.013439427612481857
GH1,15,3,0.011745374878286271
GH10,2,1,0.003157208470988111
GH10,2,2,0.0018551145196393408
GH10,2,3,0.0023981302713138907
GH10,6,1,0.0015767376198595603
GH10,6,2,0.0011198924903209292
GH10,6,3,0.0031002896735301023
GH10,15,1,0.0014151388408440518
GH10,15,2,0.0018057193396226415
GH10,15,3,0.0019474196689386564
GH100,2,1,0.0005384102612937962
GH100,2,2,6.218260959684942e-05
GH100,2,3,0.001273583307929411
GH100,6,1,3.666831674092001e-05
GH100,15,2,0.000181422351233672
GH100,15,3,0.0006815968841285297
GH101,2,3,6.774379297496867e-06
GH101,15,1,0.00011792823673700431
GH102,2,1,0.00021609663548526514
GH102,2,2,0.0003523681210488134
GH102,2,3,0.00047420655082478066
GH102,6,1,0.00011000495022276003
GH102,6,2,6.399385658976739e-05
GH102,6,3,0.00037579268770061847
GH102,15,1,0.00019654706122834053
GH102,15,2,0.0005187545355587809
GH102,15,3,0.00042599805258033106
GH103,2,1,0.0033293532484085764
GH103,2,2,0.0027982174318582236
GH103,2,3,0.004430444060562951
GH103,6,1,0.0020350915791210603
GH103,6,2,0.00022397849806418584
GH103,6,3,1.5658028654192437e-05
GH103,15,2,0.0017660332002902759
GH103,15,3,0.003481012658227848
GH104,2,1,3.2963893548599766e-05
GH104,2,2,4.1455073064566274e-05
GH104,2,3,0.00015581072384242793
GH104,6,1,1.8334158370460003e-05
GH104,15,2,2.834724238026125e-06
GH104,15,3,1.2171372930866602e-05
GH105,2,1,0.008010226132309744
GH105,2,2,0.008291014612913256
GH105,2,3,0.005548216644649934
GH105,6,1,0.0017050767284527803
GH105,6,2,0.0010878955620260455
GH105,6,3,0.002975025444296563
GH105,15,1,0.0009277021289977672
GH105,15,2,0.006236393323657475
GH105,15,3,0.004491236611489776
GH106,2,1,0.0017580743225919875
GH106,2,2,0.0015442014716550937
GH106,2,3,0.0012871320665244048
GH106,6,1,0.0006416955429661001
GH106,6,2,0.0013118740600902314
GH106,6,3,0.002583574727941752
GH106,15,1,0.0014151388408440518
GH106,15,2,0.002324473875181422
GH106,15,3,0.001655306718597858
GH108,2,1,6.959044193593284e-05
GH108,2,3,0.00013548758594993733
GH108,6,3,0.00010960620057934706
GH108,15,1,9.434258938960345e-05
GH108,15,2,5.66944847605225e-06
GH108,15,3,7.302823758519961e-05
GH109,2,1,0.003552775193571308
GH109,2,2,0.0020520261166960306
GH109,2,3,0.001321003963011889
GH109,6,1,0.00029334653392736005
GH109,6,2,0.00025597542635906955
GH109,6,3,0.003538714475847491
GH109,15,1,0.0008569451869555647
GH109,15,2,0.0006037962626995646
GH109,15,3,0.0011441090555014606
GH11,2,1,0.0006043380483909957
GH11,2,2,9.327391439527412e-05
GH11,2,3,0.000406462757849812
GH11,6,2,6.399385658976739e-05
GH11,15,1,2.358564734740086e-05
GH11,15,2,0.00034583635703918725
GH110,2,1,3.2963893548599766e-05
GH110,2,2,2.0727536532283137e-05
GH110,2,3,6.774379297496867e-06
GH110,15,3,2.4342745861733204e-05
GH112,2,1,0.00040289203226066383
GH112,2,2,0.0005078246450409369
GH112,2,3,0.00042001151644480573
GH112,6,1,0.0004216856425205801
GH112,6,2,0.00047995392442325537
GH112,6,3,3.1316057308384874e-05
GH112,15,1,0.0003852322400075474
GH112,15,2,0.0006491518505079826
GH112,15,3,0.00043816942551119765
GH113,2,1,1.0987964516199922e-05
GH113,2,2,6.218260959684942e-05
GH113,6,3,3.1316057308384874e-05
GH113,15,1,3.144752979653448e-05
GH113,15,2,1.7008345428156748e-05
GH114,2,1,0.00011720495483946583
GH114,2,2,4.1455073064566274e-05
GH114,2,3,0.0005148528266097619
GH114,6,1,3.666831674092001e-05
GH114,15,1,0.00036950847510928015
GH114,15,2,0.00022677793904209
GH114,15,3,0.00023125608568646543
GH115,2,1,0.008262949316182341
GH115,2,2,0.006124987045289667
GH115,2,3,0.005717576127087356
GH115,6,1,0.0028051262306803804
GH115,6,2,0.0020478034108725564
GH115,6,3,0.007014796837078212
GH115,15,1,0.001761061668605931
GH115,15,2,0.0068827104499274315
GH115,15,3,0.0043330087633885106
GH116,2,1,0.00143942335162219
GH116,2,2,0.0013161985697999793
GH116,2,3,0.0012397114114419266
GH116,6,1,0.0010083787103753001
GH116,6,2,0.002207788052346975
GH116,6,3,0.0020512017536992093
GH116,15,1,0.0015409289600301897
GH116,15,2,0.0014457093613933236
GH116,15,3,0.0018378773125608569
GH117,2,1,0.0016994718451722546
GH117,2,2,0.0017514768369779252
GH117,2,3,0.0018968262032991227
GH117,6,1,0.0019434207872687603
GH117,6,2,0.0020158064825776725
GH117,6,3,0.004196351679323573
GH117,15,1,0.0006603981257272242
GH117,15,2,0.0009864840348330914
GH117,15,3,0.0010589094449853943
GH119,2,1,7.325309677466615e-06
GH119,6,1,1.8334158370460003e-05
GH119,15,2,1.7008345428156748e-05
GH12,2,1,0.0001501688483880656
GH12,6,3,3.1316057308384874e-05
GH12,15,1,7.86188244913362e-06
GH12,15,2,0.00013890148766328012
GH12,15,3,2.4342745861733204e-05
GH120,2,1,0.0004468438903254635
GH120,2,2,0.00038345942584723806
GH120,2,3,0.00035226772346983706
GH120,6,1,0.0004950222760024202
GH120,6,2,0.0013118740600902314
GH120,6,3,0.0014405386361857043
GH120,15,1,0.0005581936538884871
GH120,15,2,0.000362844702467344
GH120,15,3,0.0006450827653359299
GH123,2,1,1.0987964516199922e-05
GH123,2,3,0.0006706635504521899
GH123,6,1,0.0006966980180774802
GH123,15,2,5.66944847605225e-05
GH125,2,1,0.0004907957483902632
GH125,2,2,0.0017825681417763498
GH125,6,1,0.0004400198008910401
GH125,15,3,1.2171372930866602e-05
GH127,2,1,0.01222594185169178
GH127,2,2,0.009938853767229765
GH127,2,3,0.00916573518951326
GH127,6,1,0.0059586014703995015
GH127,6,2,0.01727834127923719
GH127,6,3,0.015250919909183433
GH127,15,1,0.011407591433692884
GH127,15,2,0.01190867652394775
GH127,15,3,0.010844693281402142
GH128,2,1,3.6626548387333073e-06
GH128,2,2,1.0363768266141568e-05
GH128,2,3,2.7097517189987467e-05
GH128,6,1,1.8334158370460003e-05
GH128,6,2,0.0006079416376027901
GH128,6,3,3.1316057308384874e-05
GH128,15,1,1.572376489826724e-05
GH128,15,2,5.66944847605225e-06
GH128,15,3,1.2171372930866602e-05
GH129,2,1,2.930123870986646e-05
GH129,2,2,6.218260959684942e-05
GH129,2,3,2.7097517189987467e-05
GH129,6,1,5.5002475111380014e-05
GH129,6,2,6.399385658976739e-05
GH129,6,3,0.00042276677366319583
GH129,15,1,0.00017296141388093965
GH129,15,2,4.252086357039187e-05
GH129,15,3,4.868549172346641e-05
GH13,2,1,0.12210558701369101
GH13,2,2,0.1349258990568971
GH13,2,3,0.12004200115164448
GH13,6,1,0.18200319014355645
GH13,6,2,0.16686398105781844
GH13,6,3,0.12667345181241682
GH13,15,1,0.20734142583100099
GH13,15,2,0.1591896090348331
GH13,15,3,0.17900438169425512
GH130,2,1,0.024089280874348962
GH130,2,2,0.018779148098248523
GH130,2,3,0.014388781627883346
GH130,6,1,0.022514346478924883
GH130,6,2,0.03465267334335904
GH130,6,3,0.024207312299381507
GH130,15,1,0.02551967042988773
GH130,15,2,0.02653868831640058
GH130,15,3,0.019741966893865627
GH131,15,2,2.834724238026125e-06
GH133,2,1,0.0019119058258187864
GH133,2,2,0.002404394237744844
GH133,2,3,0.0016732716864817261
GH133,6,1,0.0050235593935060415
GH133,6,2,0.0011838863469106967
GH133,6,3,0.002614890785250137
GH133,15,1,0.014080631466398314
GH133,15,2,0.006783495101596516
GH133,15,3,0.007814021421616359
GH134,2,1,7.325309677466615e-06
GH134,2,3,6.774379297496867e-06
GH134,15,2,5.66944847605225e-06
GH134,15,3,1.2171372930866602e-05
GH135,15,2,2.834724238026125e-06
GH14,15,2,1.4173621190130624e-05
GH15,2,1,0.006083669687136023
GH15,2,2,0.0010467405948802984
GH15,2,3,0.0046675473359753415
GH15,6,1,0.006820306913811121
GH15,6,2,0.0028477266182446487
GH15,6,3,0.001753699209269553
GH15,15,1,0.007932639391175823
GH15,15,2,0.012373571298984035
GH15,15,3,0.012402629016553068
GH16,2,1,0.0021499783903364514
GH16,2,2,0.0017825681417763498
GH16,2,3,0.0034481590624259053
GH16,6,1,0.0021817648460847406
GH16,6,2,0.0006719354941925576
GH16,6,3,0.0007829014327096218
GH16,15,1,0.001595962137174125
GH16,15,2,0.0017093387155297532
GH16,15,3,0.0009980525803310613
GH17,2,1,0.0023038098935632503
GH17,2,2,0.0017929319100424914
GH17,2,3,0.0029265318565186464
GH17,6,1,0.0018700841537869204
GH17,6,2,0.0014078648449748824
GH17,6,3,0.0005636890315509277
GH17,15,1,0.0005660555363376207
GH17,15,2,0.0005952920899854862
GH17,15,3,0.0009250243427458617
GH18,2,1,0.0006702658354881953
GH18,2,2,0.0009016478391543166
GH18,2,3,0.0014903634454493107
GH18,6,1,0.0050052252351355814
GH18,6,2,0.005791444021373948
GH18,6,3,0.0018633054098489
GH18,15,1,0.004575615585395767
GH18,15,2,0.00149956912191582
GH18,15,3,0.0044790652385589096
GH19,2,1,0.0007178803483917283
GH19,2,2,0.000601098559436211
GH19,2,3,0.00047420655082478066
GH19,6,1,0.0005500247511138001
GH19,6,2,0.0005439477810130227
GH19,6,3,0.00031316057308384876
GH19,15,1,0.00035378471021101294
GH19,15,2,0.0003741835994194485
GH19,15,3,0.0004990262901655307
GH2,2,1,0.04757788635514566
GH2,2,2,0.0468960514042906
GH2,2,3,0.042048572299563054
GH2,6,1,0.029261316759254166
GH2,6,2,0.044859693469426934
GH2,6,3,0.05491270649025288
GH2,15,1,0.03625900185540426
GH2,15,2,0.05263515965166909
GH2,15,3,0.04563047711781889
GH20,2,1,0.00704328525488415
GH20,2,2,0.007472276919888071
GH20,2,3,0.008285065880838669
GH20,6,1,0.004290193058687641
GH20,6,2,0.006719354941925575
GH20,6,3,0.009598371565019964
GH20,15,1,0.006674738199314444
GH20,15,2,0.0033478093251088532
GH20,15,3,0.007899221032132425
GH23,2,1,0.010504494077487126
GH23,2,2,0.01037413203440771
GH23,2,3,0.015520102970565322
GH23,6,1,0.009497094035898282
GH23,6,2,0.00598342559114325
GH23,6,3,0.0041024035073984185
GH23,15,1,0.005982892543790685
GH23,15,2,0.007803995827285921
GH23,15,3,0.006742940603700097
GH24,2,1,0.00025638583871133154
GH24,2,2,0.0010571043631464401
GH24,2,3,0.0001219388273549436
GH24,6,2,3.1996928294883694e-05
GH24,6,3,3.1316057308384874e-05
GH24,15,1,2.358564734740086e-05
GH24,15,2,2.834724238026125e-05
GH24,15,3,8.519961051606622e-05
GH25,2,1,1.465061935493323e-05
GH25,2,2,0.00010363768266141569
GH25,2,3,6.774379297496867e-06
GH25,6,3,3.1316057308384874e-05
GH25,15,2,0.00024945573294629897
GH25,15,3,0.0012171372930866603
GH26,2,1,0.0008240973387149942
GH26,2,2,0.0006943724738314851
GH26,2,3,0.0006774379297496867
GH26,6,1,0.0012833910859322002
GH26,6,2,0.00015998464147441846
GH26,6,3,6.263211461676975e-05
GH26,15,1,8.648070694046983e-05
GH26,15,2,0.0003430016328011611
GH26,15,3,0.0004138266796494645
GH27,2,1,0.002453978741951316
GH27,2,2,0.004974608767747953
GH27,2,3,0.0029197574772211496
GH27,6,1,0.00020167574207506005
GH27,6,2,0.005311490096950693
GH27,6,3,0.0033195020746887966
GH27,15,1,0.0022878077926978837
GH27,15,2,0.003089849419448476
GH27,15,3,0.0005477117818889971
GH28,2,1,0.007501117109725813
GH28,2,2,0.006684630531661312
GH28,2,3,0.006706635504521898
GH28,6,1,0.007828685624186421
GH28,6,2,0.009759063129939526
GH28,6,3,0.008377045329992954
GH28,15,1,0.005581936538884871
GH28,15,2,0.010550843613933237
GH28,15,3,0.004892891918208374
GH29,2,1,0.016405031022686485
GH29,2,2,0.015234739351228106
GH29,2,3,0.019347627273651052
GH29,6,1,0.018792512329721504
GH29,6,2,0.02038204332384091
GH29,6,3,0.027589446488687074
GH29,15,1,0.014253592880279255
GH29,15,2,0.01135307057329463
GH29,15,3,0.012317429406037
GH3,2,1,0.040494311897035444
GH3,2,2,0.0387190382423049
GH3,2,3,0.03617518544863327
GH3,6,1,0.04167354197605559
GH3,6,2,0.036988449108885546
GH3,6,3,0.053409535739450405
GH3,15,1,0.042399132048177614
GH3,15,2,0.03638935504354136
GH3,15,3,0.026801363193768257
GH30,2,1,0.001809351490334254
GH30,2,2,0.0011192869727432895
GH30,2,3,0.0016190766521017512
GH30,6,1,0.00011000495022276003
GH30,6,2,0.001247880203500464
GH30,6,3,0.0016754090659985908
GH30,15,1,0.0009041164816503663
GH30,15,2,0.0013209814949201742
GH30,15,3,0.0012293086660175269
GH31,2,1,0.018851684454960334
GH31,2,2,0.018602964037724115
GH31,2,3,0.010168343325542797
GH31,6,1,0.007443668298406762
GH31,6,2,0.0192301539052251
GH31,6,3,0.014828153135520238
GH31,15,1,0.011171734960218874
GH31,15,2,0.015466255442670537
GH31,15,3,0.009518013631937683
GH32,2,1,0.002703039270985181
GH32,2,2,0.0030365841019794797
GH32,2,3,0.002404904650611388
GH32,6,1,0.0016684084117118603
GH32,6,2,0.0006719354941925576
GH32,6,3,0.0001252642292335395
GH32,15,1,0.0009984590710399698
GH32,15,2,0.0020750181422351235
GH32,15,3,0.00444255111976631
GH33,2,1,0.0030216902419549787
GH33,2,2,0.0020105710436314644
GH33,2,3,0.0026758798225112626
GH33,6,1,0.0019800891040096806
GH33,6,2,0.0035516590407320896
GH33,6,3,0.003898849134893917
GH33,15,1,0.0008883927167520991
GH33,15,2,0.0022791182873730044
GH33,15,3,0.002251703992210321
GH35,2,1,0.0009925794612967262
GH35,2,2,0.0006943724738314851
GH35,2,3,0.0011516444805744674
GH35,6,1,0.00033001485066828007
GH35,6,2,0.00025597542635906955
GH35,6,3,0.00031316057308384876
GH35,15,1,0.0005896411836850215
GH35,15,2,0.0005669448476052249
GH35,15,3,0.0010589094449853943
GH36,2,1,0.0026371114838879815
GH36,2,2,0.0029018551145196395
GH36,2,3,0.0005961453781797243
GH36,6,1,0.00011000495022276003
GH36,6,2,0.001759831056218603
GH36,6,3,0.0028810772723714085
GH36,15,1,0.000974873423692569
GH36,15,2,0.0018822568940493468
GH36,15,3,0.003298442064264849
GH37,2,1,0.0007435189322628614
GH37,2,2,0.0006218260959684941
GH37,2,3,0.0006774379297496867
GH37,6,3,0.0014248806075315118
GH37,15,1,0.0002673040032705431
GH37,15,2,0.0006009615384615385
GH37,15,3,0.00012171372930866602
GH38,2,1,0.004281643506479236
GH38,2,2,0.0075448232977510625
GH38,2,3,0.006388239677539546
GH38,6,1,0.008342042058559302
GH38,6,2,0.002175791124052091
GH38,6,3,0.0022390980975495185
GH38,15,1,0.004441963583760496
GH38,15,2,0.00336481767053701
GH38,15,3,0.0006815968841285297
GH39,2,1,0.001237977335491858
GH39,2,2,0.002166027567623588
GH39,2,3,0.00039291399925481826
GH39,6,1,0.0008983737601525403
GH39,6,2,0.0006399385658976738
GH39,6,3,0.0010647459484850858
GH39,15,1,0.001635271549419793
GH39,15,2,0.0008560867198838897
GH39,15,3,0.0005842259006815969
GH4,2,1,0.010698614783939991
GH4,2,2,0.011617784226344699
GH4,2,3,0.010114148291162823
GH4,6,1,0.014557321746145243
GH4,6,2,0.01775829520366045
GH4,6,3,0.01755265012134972
GH4,15,1,0.01802729645586339
GH4,15,2,0.009266713534107402
GH4,15,3,0.017137293086660177
GH42,2,1,0.0033037146645374434
GH42,2,2,0.003979687014198363
GH42,2,3,0.006686312366629407
GH42,6,1,0.0005866930678547201
GH42,6,2,0.0038076344670911594
GH42,6,3,0.0040397713927816485
GH42,15,1,0.0029088965061794397
GH42,15,2,0.002293291908563135
GH42,15,3,0.006122200584225901
GH43,2,1,0.02486942635499916
GH43,2,2,0.0186236915742564
GH43,2,3,0.01727466720861701
GH43,6,1,0.006710301963588361
GH43,6,2,0.022045883595174863
GH43,6,3,0.010772723714084397
GH43,15,1,0.00694990408503412
GH43,15,2,0.015038212082728592
GH43,15,3,0.011501947419668939
GH44,2,1,0.00020144601613033192
GH44,2,2,0.00020727536532283138
GH44,2,3,0.0005419503437997493
GH44,6,1,0.0003116806922978201
GH44,6,2,0.0005759447093079065
GH44,6,3,0.0002035543725045017
GH44,15,1,0.000290889650617944
GH44,15,2,0.00024378628447024674
GH44,15,3,0.0002555988315481986
GH45,2,1,3.6626548387333073e-06
GH45,2,2,1.0363768266141568e-05
GH45,2,3,2.03231378924906e-05
GH45,6,2,9.599078488465107e-05
GH45,15,2,3.9686139332365746e-05
GH45,15,3,6.085686465433301e-05
GH46,15,2,5.66944847605225e-06
GH46,15,3,0.0011075949367088608
GH47,2,1,1.0987964516199922e-05
GH47,2,2,4.1455073064566274e-05
GH47,2,3,0.00019645699962740913
GH47,6,1,5.5002475111380014e-05
GH47,6,3,1.5658028654192437e-05
GH47,15,1,1.572376489826724e-05
GH48,2,1,0.00027469911290499806
GH48,2,2,7.254637786299098e-05
GH48,2,3,0.00010839006875994987
GH48,6,1,1.8334158370460003e-05
GH48,6,2,3.1996928294883694e-05
GH48,6,3,0.0007359273467470445
GH48,15,1,0.0003852322400075474
GH48,15,2,0.0004478864296081277
GH48,15,3,0.00036514118792599804
GH5,2,1,0.004065546870993971
GH5,2,2,0.0029225826510519224
GH5,2,3,0.0034684822003183957
GH5,6,1,0.0016867425700823203
GH5,6,2,0.001663840271333952
GH5,6,3,0.004478196195099037
GH5,15,1,0.0021934652033082803
GH5,15,2,0.0038665638606676343
GH5,15,3,0.0020082765335929895
GH50,2,1,0.00048347043871279656
GH50,2,2,0.00010363768266141569
GH50,2,3,6.774379297496867e-05
GH50,6,1,0.0008433712850411601
GH50,6,2,0.001151889418615813
GH50,6,3,0.00028184451577546385
GH50,15,1,0.0006682600081763578
GH50,15,2,0.0001700834542815675
GH50,15,3,0.00029211295034079843
GH51,2,1,0.017690622871081876
GH51,2,2,0.016416208933568245
GH51,2,3,0.014910408833790604
GH51,6,1,0.023101039546779605
GH51,6,2,0.016574408856749753
GH51,6,3,0.026054959680576216
GH51,15,1,0.012979967923519608
GH51,15,2,0.012682556240928882
GH51,15,3,0.016784323271665045
GH52,2,1,0.00017947008709793207
GH52,2,2,1.0363768266141568e-05
GH52,2,3,0.00021000575822240287
GH53,2,1,0.00037359079355079737
GH53,2,2,0.0015338377033889523
GH53,2,3,0.0002845239304948684
GH53,6,1,0.0008433712850411601
GH53,6,2,6.399385658976739e-05
GH53,6,3,0.0010490879198308933
GH53,15,1,0.0006997075379728922
GH53,15,2,0.0007823838896952104
GH53,15,3,0.0013266796494644595
GH54,6,3,1.5658028654192437e-05
GH54,15,1,0.00011006635428787069
GH54,15,2,1.13388969521045e-05
GH55,2,1,8.057840645213276e-05
GH55,2,2,6.218260959684942e-05
GH55,2,3,0.00014903634454493107
GH55,6,1,0.0011183836605980603
GH55,6,3,6.263211461676975e-05
GH55,15,1,7.075694204220258e-05
GH55,15,2,0.00014457093613933237
GH55,15,3,0.0004990262901655307
GH57,2,1,0.013844835290411903
GH57,2,2,0.013887449476629702
GH57,2,3,0.0131897164922264
GH57,6,1,0.03184643308948903
GH57,6,2,0.018974178478866028
GH57,6,3,0.018194629296171612
GH57,15,1,0.04514292902292525
GH57,15,2,0.02681649129172714
GH57,15,3,0.030951801363193768
GH59,2,1,1.0987964516199922e-05
GH59,2,3,4.06462757849812e-05
GH59,6,1,3.666831674092001e-05
GH59,15,2,2.834724238026125e-06
GH59,15,3,2.4342745861733204e-05
GH6,2,1,0.00013185557419439906
GH6,2,2,0.0001658202922582651
GH6,2,3,0.00016935948243742167
GH6,6,1,0.00014667326696368003
GH6,6,3,4.697408596257731e-05
GH6,15,1,0.00012579011918613793
GH6,15,2,0.00030331549346879536
GH6,15,3,0.00024342745861733204
GH62,2,1,3.2963893548599766e-05
GH62,2,2,8.291014612913255e-05
GH62,2,3,0.0003454933441723402
GH62,6,1,1.8334158370460003e-05
GH62,6,3,1.5658028654192437e-05
GH62,15,1,4.717129469480172e-05
GH62,15,2,1.4173621190130624e-05
GH62,15,3,0.0006937682570593963
GH63,2,1,0.000523759641938863
GH63,2,2,0.00038345942584723806
GH63,2,3,0.0003658164820648308
GH63,6,1,0.0014667326696368003
GH63,6,2,6.399385658976739e-05
GH63,6,3,0.0020981758396617866
GH63,15,1,4.717129469480172e-05
GH63,15,2,0.000181422351233672
GH63,15,3,0.0009493670886075949
GH64,2,1,1.0987964516199922e-05
GH64,2,3,6.774379297496867e-06
GH64,6,1,5.5002475111380014e-05
GH64,15,2,8.504172714078374e-06
GH64,15,3,0.00029211295034079843
GH65,2,1,0.012687436361372177
GH65,2,2,0.00891284070888175
GH65,2,3,0.014090708938793483
GH65,6,1,0.012265551949837743
GH65,6,2,0.019550123188173934
GH65,6,3,0.009003366476160651
GH65,15,1,0.005204566181326457
GH65,15,2,0.013212649673439767
GH65,15,3,0.01729552093476144
GH66,15,2,5.66944847605225e-06
GH67,2,1,0.008273937280698541
GH67,2,2,0.004363146440045601
GH67,2,3,0.008102157639806254
GH67,6,1,0.007993693049520561
GH67,6,2,0.001439861773269766
GH67,6,3,0.006654662178031786
GH67,15,1,0.0036164659266014654
GH67,15,2,0.004955097968069666
GH67,15,3,0.005367575462512171
GH71,2,1,3.6626548387333073e-06
GH71,6,3,1.5658028654192437e-05
GH72,2,1,7.325309677466615e-06
GH72,2,2,2.0727536532283137e-05
GH72,2,3,4.06462757849812e-05
GH72,6,3,1.5658028654192437e-05
GH73,2,1,0.0010255433548453262
GH73,2,2,0.0004663695719763706
GH73,2,3,0.0005013040680147681
GH73,6,1,1.8334158370460003e-05
GH73,6,3,4.697408596257731e-05
GH73,15,1,0.0001572376489826724
GH73,15,2,0.00028914187227866475
GH73,15,3,0.0009737098344693282
GH74,2,1,0.0002527231838725982
GH74,2,2,0.0005078246450409369
GH74,2,3,0.0005351759645022525
GH74,6,3,1.5658028654192437e-05
GH74,15,1,0.0004166797698040819
GH74,15,2,0.00015874455732946299
GH74,15,3,0.0006085686465433301
GH76,2,1,0.00036626548387333073
GH76,2,3,6.774379297496867e-06
GH76,15,3,0.00021908471275559882
GH77,2,1,0.015452740764615823
GH77,2,2,0.00963830448751166
GH77,2,3,0.010696744910747553
GH77,6,1,0.014007296995031443
GH77,6,2,0.013502703740440918
GH77,6,3,0.014045251702810617
GH77,15,1,0.01465454888518507
GH77,15,2,0.01466686320754717
GH77,15,3,0.013814508276533593
GH78,2,1,0.015928885893651153
GH78,2,2,0.01836459736760286
GH78,2,3,0.015127188971310504
GH78,6,1,0.0050235593935060415
GH78,6,2,0.014494608517582313
GH78,6,3,0.014749862992249277
GH78,15,1,0.007107141734016793
GH78,15,2,0.010771952104499275
GH78,15,3,0.00820350535540409
GH79,2,1,2.1975929032399844e-05
GH79,2,3,6.774379297496867e-06
GH8,2,1,0.0006702658354881953
GH8,2,2,0.00018654782879054825
GH8,2,3,0.0007722792399146428
GH8,6,1,0.00014667326696368003
GH8,6,2,0.00019198156976930214
GH8,6,3,0.00028184451577546385
GH8,15,1,0.0004874367118462845
GH8,15,2,0.0010119965529753266
GH8,15,3,0.0007424537487828627
GH81,2,1,0.0001025543354845326
GH81,2,2,0.0006114623277023526
GH81,2,3,0.00035904210276733393
GH81,6,1,0.00016500742533414003
GH81,15,2,5.102503628447025e-05
GH81,15,3,7.302823758519961e-05
GH84,2,1,3.6626548387333073e-06
GH85,2,1,3.6626548387333073e-06
GH85,2,2,4.1455073064566274e-05
GH85,6,2,3.1996928294883694e-05
GH86,2,1,7.325309677466615e-06
GH86,2,2,3.109130479842471e-05
GH86,2,3,9.484131016495613e-05
GH86,6,1,7.333663348184001e-05
GH86,6,2,6.399385658976739e-05
GH86,6,3,1.5658028654192437e-05
GH86,15,1,7.86188244913362e-05
GH86,15,2,8.504172714078374e-06
GH86,15,3,3.6514118792599804e-05
GH87,2,1,0.0003113256612923311
GH87,2,2,1.0363768266141568e-05
GH87,2,3,2.7097517189987467e-05
GH87,6,1,0.00016500742533414003
GH87,6,2,0.00019198156976930214
GH87,6,3,7.829014327096219e-05
GH87,15,1,0.00014151388408440517
GH87,15,2,1.13388969521045e-05
GH87,15,3,0.0005355404089581305
GH88,2,1,0.003655329529055841
GH88,2,2,0.0013783811793968287
GH88,2,3,0.0026352335467262813
GH88,6,1,0.0010817153438571403
GH88,6,2,0.0005119508527181391
GH88,6,3,0.0006889532607844672
GH88,15,1,0.0007154313028711595
GH88,15,2,0.0008730950653120464
GH88,15,3,0.0006572541382667965
GH89,2,1,0.00028202442258246465
GH89,2,2,2.0727536532283137e-05
GH89,2,3,0.0001422619652474342
GH89,6,1,1.8334158370460003e-05
GH89,6,2,6.399385658976739e-05
GH89,6,3,6.263211461676975e-05
GH89,15,1,0.0001572376489826724
GH89,15,2,4.819031204644412e-05
GH89,15,3,2.4342745861733204e-05
GH9,2,1,0.004373209877447569
GH9,2,2,0.003627318893149549
GH9,2,3,0.004023981302713139
GH9,6,1,0.0025301138551234808
GH9,6,2,0.001151889418615813
GH9,6,3,0.00037579268770061847
GH9,15,1,0.002342840969841819
GH9,15,2,0.0039345972423802614
GH9,15,3,0.0014970788704965921
GH92,2,1,0.0071311889710137496
GH92,2,2,0.007897191418799876
GH92,2,3,0.006903092504149307
GH92,6,1,0.0015034009863777204
GH92,6,2,0.0008639170639618596
GH92,6,3,0.003898849134893917
GH92,15,1,0.0009277021289977672
GH92,15,2,0.0016554789550072568
GH92,15,3,0.0031037000973709833
GH93,2,3,2.7097517189987467e-05
GH94,2,1,0.023638774329184768
GH94,2,2,0.028386361280961756
GH94,2,3,0.025214239745283338
GH94,6,1,0.04059182663219845
GH94,6,2,0.02879723546539532
GH94,6,3,0.024301260471306662
GH94,15,1,0.028853108588320388
GH94,15,2,0.03169788642960813
GH94,15,3,0.02106864654333009
GH95,2,1,0.01951096232593233
GH95,2,2,0.02041662348429889
GH95,2,3,0.018236629068861566
GH95,6,1,0.010358799479309903
GH95,6,2,0.014974562442005568
GH95,6,3,0.03363344554920535
GH95,15,1,0.01157269096512469
GH95,15,2,0.017450562409288824
GH95,15,3,0.007120253164556962
GH96,2,1,1.0987964516199922e-05
GH96,2,2,4.1455073064566274e-05
GH96,2,3,3.387189648748433e-05
GH96,6,2,3.1996928294883694e-05
GH96,15,3,3.6514118792599804e-05
GH97,2,1,0.006314416941976222
GH97,2,2,0.004031505855529071
GH97,2,3,0.0037868780273007485
GH97,6,1,0.0022367673211961207
GH97,6,2,0.0003839631395386043
GH97,6,3,0.003570030533155876
GH97,15,1,0.0026651781502562972
GH97,15,2,0.0028545673076923075
GH97,15,3,0.0041260954235637776
GH98,2,1,0.00015749415806553223
GH98,2,2,5.1818841330707844e-05
GH98,6,3,3.1316057308384874e-05
GH98,15,2,5.66944847605225e-06
GH98,15,3,1.2171372930866602e-05
GH99,2,1,4.395185806479969e-05
GH99,2,2,0.0001761840605244067
GH99,2,3,8.806693086745927e-05
GH99,6,2,3.1996928294883694e-05
GH99,6,3,1.5658028654192437e-05
GH99,15,1,3.93094122456681e-05
GH99,15,2,4.252086357039187e-05
GH99,15,3,0.00023125608568646543
GT0,2,1,0.0007215430032304615
GT0,2,2,0.0013265623380661208
GT0,2,3,0.001835856789621651
GT0,6,1,0.0010267128687457602
GT0,6,2,0.0003839631395386043
GT0,6,3,0.0005793470602051202
GT0,15,1,0.0006918456555237586
GT0,15,2,0.0007398630261248186
GT0,15,3,0.0004868549172346641
GT1,2,1,0.0017837129064631207
GT1,2,2,0.0021763913358897294
GT1,2,3,0.0014632659282593232
GT1,6,1,0.0006050272262251801
GT1,6,2,0.0020478034108725564
GT1,6,3,0.002364362326783058
GT1,15,1,0.00032233718041447846
GT1,15,2,0.0013720065312046443
GT1,15,3,0.0015335929892891919
GT10,2,1,3.6626548387333073e-06
GT10,2,3,3.387189648748433e-05
GT11,2,1,4.7614512903532995e-05
GT11,2,2,1.0363768266141568e-05
GT11,2,3,6.09694136774718e-05
GT11,6,3,6.263211461676975e-05
GT11,15,2,2.5512518142235124e-05
GT14,2,1,6.959044193593284e-05
GT14,2,2,0.0001761840605244067
GT14,2,3,0.000203231378924906
GT14,15,3,8.519961051606622e-05
GT15,6,3,0.0015658028654192437
GT17,2,1,1.465061935493323e-05
GT17,2,2,5.1818841330707844e-05
GT17,15,1,2.358564734740086e-05
GT17,15,2,2.834724238026125e-06
GT18,15,1,2.358564734740086e-05
GT19,2,1,0.003856775545186173
GT19,2,2,0.001875842056171624
GT19,2,3,0.0038072011651932394
GT19,6,1,0.0005683589094842601
GT19,6,2,3.1996928294883694e-05
GT19,6,3,0.00042276677366319583
GT19,15,1,7.86188244913362e-06
GT19,15,2,0.0021940765602322205
GT19,15,3,0.0015092502434274587
GT2,2,1,0.0606682147487785
GT2,2,2,0.05716654575603689
GT2,2,3,0.06354367781052062
GT2,6,1,0.05029059641017179
GT2,6,2,0.05417079960323809
GT2,6,3,0.06324277773428326
GT2,15,1,0.051691877103053556
GT2,15,2,0.05268334996371553
GT2,15,3,0.048198636806231744
GT20,2,1,0.006911429680689751
GT20,2,2,0.004715514561094414
GT20,2,3,0.003929139992548182
GT20,6,1,0.006691967805217901
GT20,6,2,0.010750967907080921
GT20,6,3,0.010490879198308933
GT20,15,1,0.009214126230384603
GT20,15,2,0.009005918904209
GT20,15,3,0.010722979552093476
GT21,2,1,1.0987964516199922e-05
GT23,2,3,6.774379297496867e-06
GT25,2,1,0.0002490605290338649
GT25,2,2,1.0363768266141568e-05
GT25,2,3,0.0001422619652474342
GT25,6,1,0.00014667326696368003
GT25,15,2,1.9843069666182873e-05
GT26,2,1,0.0015419776871067224
GT26,2,2,0.000673644937299202
GT26,2,3,0.002303288961148935
GT26,6,1,0.0010633811854866802
GT26,6,2,0.0009599078488465107
GT26,6,3,0.0014875127221482816
GT26,15,1,0.0005110223591936853
GT26,15,2,0.0018935957910014513
GT26,15,3,0.0006207400194741967
GT27,2,1,7.325309677466615e-06
GT27,15,1,0.00036950847510928015
GT27,15,3,0.00012171372930866602
GT28,2,1,0.0038970647484122393
GT28,2,2,0.0058866203751684115
GT28,2,3,0.006117264505639671
GT28,6,1,0.0022917697963075003
GT28,6,2,0.0027837327616548812
GT28,6,3,0.0008611915759805841
GT28,15,1,0.001784647315953332
GT28,15,2,0.0027610214078374455
GT28,15,3,0.002081304771178189
GT29,2,1,3.6626548387333073e-06
GT29,2,3,6.774379297496867e-06
GT29,6,2,3.1996928294883694e-05
GT29,6,3,3.1316057308384874e-05
GT3,2,1,0.0017837129064631207
GT3,2,2,0.0021453000310913046
GT3,2,3,0.003353317752260949
GT3,6,1,0.0003666831674092001
GT3,6,2,0.000415960067833488
GT3,6,3,0.003930165192202302
GT3,15,1,0.0017138903739111293
GT3,15,2,0.0014825607764876632
GT3,15,3,0.00024342745861733204
GT30,2,1,0.0019302191000124531
GT30,2,2,0.0029433101875842057
GT30,2,3,0.0013413271009043797
GT30,6,1,0.0006966980180774802
GT30,6,2,0.0055034716667199945
GT30,6,3,0.0006732952321302748
GT30,15,1,0.00014151388408440517
GT30,15,2,0.0011027077285921626
GT30,15,3,0.0007546251217137294
GT31,2,1,0.00016115681290426552
GT31,6,1,1.8334158370460003e-05
GT32,2,1,1.0987964516199922e-05
GT32,2,2,1.0363768266141568e-05
GT32,2,3,1.3548758594993733e-05
GT32,6,1,3.666831674092001e-05
GT34,2,1,3.6626548387333073e-06
GT35,2,1,0.0658911605488122
GT35,2,2,0.06510519224790133
GT35,2,3,0.08169223994851471
GT35,6,1,0.060429385989036175
GT35,6,2,0.05273093782996832
GT35,6,3,0.05254834416346982
GT35,15,1,0.07080411333689739
GT35,15,2,0.07597060957910015
GT35,15,3,0.06733203505355403
GT39,2,2,5.1818841330707844e-05
GT39,6,1,0.0003666831674092001
GT39,15,1,7.86188244913362e-06
GT39,15,2,2.834724238026125e-05
GT39,15,3,0.00029211295034079843
GT4,2,1,0.04197036179704497
GT4,2,2,0.043279096279407195
GT4,2,3,0.05472343596517969
GT4,6,1,0.06354619291201437
GT4,6,2,0.039580200300771126
GT4,6,3,0.046566977217568306
GT4,15,1,0.06807604012704802
GT4,15,2,0.06140863116835994
GT4,15,3,0.05323758519961051
GT41,2,1,0.00038091610322826396
GT41,2,2,0.00048709710850865375
GT41,2,3,0.0006774379297496867
GT41,6,1,0.0017600792035641604
GT41,6,2,9.599078488465107e-05
GT41,6,3,0.00028184451577546385
GT41,15,1,0.00020440894367747413
GT41,15,2,0.0001927612481857765
GT41,15,3,0.0009006815968841286
GT43,15,2,2.5512518142235124e-05
GT45,2,1,3.6626548387333073e-06
GT45,15,2,2.834724238026125e-06
GT47,2,1,5.12771677422663e-05
GT47,2,2,0.0001347289874598404
GT47,2,3,3.387189648748433e-05
GT47,6,1,5.5002475111380014e-05
GT47,6,2,6.399385658976739e-05
GT47,6,3,0.00010960620057934706
GT47,15,1,3.144752979653448e-05
GT47,15,2,6.519865747460087e-05
GT47,15,3,4.868549172346641e-05
GT48,6,3,0.0009394817192515463
GT48,15,3,0.0004503407984420643
GT5,2,1,0.009120010548445936
GT5,2,2,0.006415172556741631
GT5,2,3,0.010608677979880094
GT5,6,1,0.009332086610564143
GT5,6,2,0.008863149137682783
GT5,6,3,0.01285524152509199
GT5,15,1,0.008215667159344634
GT5,15,2,0.006749478410740203
GT5,15,3,0.011501947419668939
GT51,2,1,0.024832799806611825
GT51,2,2,0.02845890765882475
GT51,2,3,0.028045930291637027
GT51,6,1,0.021377628659956363
GT51,6,2,0.01283076824624836
GT51,6,3,0.013152744069521648
GT51,15,1,0.008608761281801314
GT51,15,2,0.01792963080551524
GT51,15,3,0.02184761441090555
GT53,2,2,0.00022800290185511453
GT53,2,3,0.0006774379297496867
GT53,6,3,0.0015658028654192437
GT55,2,1,0.0006043380483909957
GT55,2,2,0.0002694579749196808
GT55,2,3,0.0005554991023947431
GT55,6,1,0.0012467227691912804
GT55,6,2,0.0006399385658976738
GT55,15,1,0.0010220447183873706
GT55,15,2,0.0006831685413642961
GT55,15,3,0.0032132424537487827
GT56,15,2,2.834724238026125e-06
GT57,2,1,3.6626548387333073e-06
GT57,6,1,3.666831674092001e-05
GT59,2,2,7.254637786299098e-05
GT6,2,1,7.325309677466615e-06
GT60,2,1,3.662654838733307e-05
GT62,2,2,1.0363768266141568e-05
GT64,2,1,1.465061935493323e-05
GT66,2,1,0.0006409645967783288
GT66,2,2,0.0005078246450409369
GT66,2,3,0.00021678013751989973
GT66,6,1,0.0013567277194140403
GT66,6,2,0.00012798771317953478
GT66,6,3,0.0012683003209895873
GT66,15,1,0.0012893487216579138
GT66,15,2,0.000861756168359942
GT66,15,3,0.00036514118792599804
GT7,2,1,7.325309677466615e-06
GT7,2,3,6.774379297496867e-06
GT7,6,1,0.00022000990044552005
GT7,6,2,6.399385658976739e-05
GT7,6,3,3.1316057308384874e-05
GT7,15,1,0.00011792823673700431
GT7,15,2,9.921534833091437e-05
GT7,15,3,7.302823758519961e-05
GT74,2,1,3.6626548387333073e-06
GT74,6,1,1.8334158370460003e-05
GT74,6,3,1.5658028654192437e-05
GT74,15,2,1.13388969521045e-05
GT75,2,2,5.1818841330707844e-05
GT75,6,1,0.00033001485066828007
GT75,15,1,1.572376489826724e-05
GT75,15,2,3.118196661828737e-05
GT77,2,1,7.325309677466615e-06
GT8,2,1,0.00011720495483946583
GT8,2,2,0.00015545652399212353
GT8,2,3,2.7097517189987467e-05
GT8,6,1,3.666831674092001e-05
GT8,6,2,3.1996928294883694e-05
GT8,6,3,4.697408596257731e-05
GT8,15,1,7.075694204220258e-05
GT8,15,2,7.370283018867924e-05
GT8,15,3,3.6514118792599804e-05
GT81,2,1,0.004647908990352567
GT81,2,2,0.009089024769406156
GT81,2,3,0.005168851403990109
GT81,6,1,0.008580386117375282
GT81,6,2,0.003711643682206508
GT81,6,3,0.008204807014796837
GT81,15,1,0.004654234409887104
GT81,15,2,0.006355451741654572
GT81,15,3,0.002568159688412853
GT83,2,1,0.0007838081354889278
GT83,2,2,0.001896569592703907
GT83,2,3,0.0002438776547098872
GT83,6,1,7.333663348184001e-05
GT83,6,2,6.399385658976739e-05
GT83,6,3,0.00014092225788773192
GT83,15,1,2.358564734740086e-05
GT83,15,2,9.921534833091437e-05
GT83,15,3,0.00040165530671859784
GT84,2,1,0.0038897394387347726
GT84,2,2,0.0036376826614156906
GT84,2,3,0.0038478474409782202
GT84,6,1,0.008690391067598042
GT84,6,2,0.007423287364413016
GT84,6,3,0.0075628278399749475
GT84,15,1,0.008372904808327307
GT84,15,2,0.009388606676342526
GT84,15,3,0.004552093476144109
GT87,15,3,0.0012171372930866603
GT89,2,1,1.0987964516199922e-05
GT89,2,3,2.03231378924906e-05
GT89,6,1,1.8334158370460003e-05
GT89,15,1,0.00016509953143180604
GT89,15,2,4.819031204644412e-05
GT89,15,3,0.0015944498539435248
GT9,2,1,0.0016921465354947881
GT9,2,2,0.00231112032334957
GT9,2,3,0.0027097517189987467
GT9,6,1,0.0012283886108208203
GT9,6,2,0.003391674399257671
GT9,6,3,0.0018946214671572848
GT9,15,1,0.00019654706122834053
GT9,15,2,0.0008334089259796807
GT9,15,3,0.0005355404089581305
GT93,15,2,2.834724238026125e-06
GT94,15,3,1.2171372930866602e-05
GT95,2,3,6.774379297496867e-06
GT95,6,1,5.5002475111380014e-05
GT95,6,3,1.5658028654192437e-05
GT96,2,2,0.00011400145092755727
GT96,15,3,1.2171372930866602e-05
GT99,2,1,1.465061935493323e-05
GT99,15,3,3.6514118792599804e-05
PL0,2,1,0.0003479522096796642
PL0,2,2,0.00031091304798424707
PL0,2,3,0.00021678013751989973
PL0,6,1,0.00020167574207506005
PL0,6,2,3.1996928294883694e-05
PL0,6,3,0.00023487042981288657
PL0,15,1,0.0005660555363376207
PL0,15,2,0.00016724873004354138
PL0,15,3,0.0005598831548198637
PL1,2,1,0.011288302212976054
PL1,2,2,0.008301378381179397
PL1,2,3,0.007323104020594113
PL1,6,1,0.004931888601653741
PL1,6,2,0.006111413304322785
PL1,6,3,0.009410475221169655
PL1,15,1,0.0027752445045441682
PL1,15,2,0.008027939042089986
PL1,15,3,0.005866601752677702
PL10,2,1,0.0013405316709763906
PL10,2,2,0.0007669188516944761
PL10,2,3,0.0007248585848321648
PL10,6,1,0.0003116806922978201
PL10,6,2,0.0005119508527181391
PL10,6,3,0.002975025444296563
PL10,15,1,0.00019654706122834053
PL10,15,2,0.001406023222060958
PL10,15,3,0.0005720545277507303
PL11,2,1,0.008654853383926806
PL11,2,2,0.007088817494040833
PL11,2,3,0.007553432916709006
PL11,6,1,0.012430559375171882
PL11,6,2,0.008447189069849294
PL11,6,3,0.010944962029280513
PL11,15,1,0.005762759835214944
PL11,15,2,0.008685595065312047
PL11,15,3,0.007801850048685491
PL12,2,1,0.00016115681290426552
PL12,2,2,0.00010363768266141569
PL12,2,3,0.000203231378924906
PL12,6,1,0.0005316905927433401
PL12,6,3,0.00023487042981288657
PL12,15,1,7.075694204220258e-05
PL12,15,2,0.000113388969521045
PL12,15,3,0.00026777020447906526
PL14,2,1,3.662654838733307e-05
PL14,2,2,4.1455073064566274e-05
PL14,2,3,2.03231378924906e-05
PL14,6,1,7.333663348184001e-05
PL14,15,2,2.2677793904209e-05
PL14,15,3,2.4342745861733204e-05
PL15,2,1,3.662654838733307e-05
PL15,2,2,1.0363768266141568e-05
PL15,2,3,6.774379297496867e-06
PL15,6,1,9.167079185230002e-05
PL15,15,1,1.572376489826724e-05
PL15,15,2,5.66944847605225e-06
PL17,2,1,0.00016115681290426552
PL17,2,3,0.00021000575822240287
PL17,6,2,0.0003199692829488369
PL17,6,3,0.00026618648712127145
PL17,15,2,2.834724238026125e-06
PL2,2,1,0.0003699281387120641
PL2,6,2,3.1996928294883694e-05
PL2,15,3,1.2171372930866602e-05
PL20,15,2,5.66944847605225e-06
PL21,2,1,1.0987964516199922e-05
PL21,2,3,9.484131016495613e-05
PL21,15,1,3.144752979653448e-05
PL21,15,2,1.7008345428156748e-05
PL22,2,1,0.00013551822903313238
PL22,2,2,0.00015545652399212353
PL22,2,3,0.00033871896487484333
PL22,6,1,0.00012833910859322002
PL22,6,2,3.1996928294883694e-05
PL22,6,3,0.00010960620057934706
PL22,15,1,2.358564734740086e-05
PL22,15,2,0.00016724873004354138
PL22,15,3,0.00029211295034079843
PL24,15,2,8.504172714078374e-06
PL3,2,1,0.00027103645806626477
PL3,2,3,4.7420655082478066e-05
PL3,15,2,0.00029197659651669086
PL4,2,2,1.0363768266141568e-05
PL4,15,2,2.834724238026125e-06
PL6,2,1,8.424106129086607e-05
PL6,2,2,1.0363768266141568e-05
PL6,2,3,0.000203231378924906
PL6,6,1,0.00014667326696368003
PL6,6,2,0.00012798771317953478
PL6,6,3,4.697408596257731e-05
PL6,15,1,6.289505959306896e-05
PL6,15,2,0.0001700834542815675
PL6,15,3,0.00010954235637779941
PL7,2,1,5.493982258099961e-05
PL7,2,2,0.00012436521919369884
PL7,2,3,4.7420655082478066e-05
PL7,6,1,0.00016500742533414003
PL7,6,2,0.00019198156976930214
PL7,6,3,7.829014327096219e-05
PL7,15,1,0.00012579011918613793
PL7,15,2,2.834724238026125e-05
PL7,15,3,9.737098344693281e-05
PL8,2,1,6.592778709719953e-05
PL8,2,2,0.0001761840605244067
PL8,2,3,0.00012871320665244047
PL8,6,1,3.666831674092001e-05
PL8,6,2,3.1996928294883694e-05
PL8,6,3,9.394817192515462e-05
PL8,15,1,3.93094122456681e-05
PL8,15,2,1.9843069666182873e-05
PL8,15,3,9.737098344693281e-05
PL9,2,1,0.00040289203226066383
PL9,2,2,0.0005596434863716447
PL9,2,3,0.00025742641330488093
PL9,6,1,3.666831674092001e-05
PL9,6,2,0.0003519662112437206
PL9,6,3,0.0004540828309715807
PL9,15,1,0.000227994591024875
PL9,15,2,0.00020126542089985485
PL9,15,3,0.0004868549172346641
